Workbook

Sheet gstartlisteklasser
A1: 45935.417 | B1: 18 | C1: Svår klass lag seniorer klass 1 – Grund | D1: 769936 | E1: 1 | F1: Svår klass, Seniorlag | G1: 1
B2: 1 | C2: Svår klass individuella klass 3, 4, 5, 6, 7, 8 – Grund/tekn kür | D2: 769939 | E2: 3 | F2: Individuell senior 3* | G2: 1
B3: 1 | C3: Svår klass individuella klass 3, 4, 5, 6, 7, 8 – Grund/tekn kür | D3: 769939 | E3: 3 | F3: Individuell senior 3* | G3: 2
B4: 1 | C4: Svår klass individuella klass 3, 4, 5, 6, 7, 8 – Grund/tekn kür | D4: 769940 | E4: 4 | F4: Individuell senior 2* | G4: 1
B5: 1 | C5: Svår klass individuella klass 3, 4, 5, 6, 7, 8 – Grund/tekn kür | D5: 769941 | E5: 5 | F5: Individuell senior 1* | G5: 1
B6: 1 | C6: Svår klass individuella klass 3, 4, 5, 6, 7, 8 – Grund/tekn kür | D6: 769942 | E6: 6 | F6: Individuell young vaulter | G6: 1
B7: 1 | C7: Svår klass individuella klass 3, 4, 5, 6, 7, 8 – Grund/tekn kür | D7: 769942 | E7: 6 | F7: Individuell young vaulter | G7: 2
B8: 1 | C8: Svår klass individuella klass 3, 4, 5, 6, 7, 8 – Grund/tekn kür | D8: 769943 | E8: 7 | F8: Individuell junior 2* | G8: 1
B9: 1 | C9: Svår klass individuella klass 3, 4, 5, 6, 7, 8 – Grund/tekn kür | D9: 769944 | E9: 8 | F9: Individuell junior 1* | G9: 1
B10: 1 | C10: Svår klass individuella klass 3, 4, 5, 6, 7, 8 – Grund/tekn kür | D10: 769945 | E10: 9 | F10: Individuell minior 1* | G10: 1
B11: 43 | C11: Skrittklass Lag grund och kür klass 15, 16 | D11: 769951 | E11: 15 | F11: Skrittklass, lag typ 1 | G11: 1
B12: 43 | C12: Skrittklass Lag grund och kür klass 15, 16 | D12: 769951 | E12: 15 | F12: Skrittklass, lag typ 1 | G12: 2
B13: 43 | C13: Skrittklass Lag grund och kür klass 15, 16 | D13: 769952 | E13: 16 | F13: Skrittklass, lag typ 2 | G13: 1
... B30: 52 | C30: Mixklass klass 12 | D30: 769949 | E30: 13 | F30: Mixklass 0* | G30: 2

Sheet ekipage
A1: 769936 | B1: 1 | C1: Svår klass, Seniorlag | D1: 68838 | E1: Marie Johansson | F1: 308300 | G1: Gladiator VDH | J1: 1330 | K1: Sala Voltige och Hästsportförening | M1: Sala seniorlag | N1: 164696 | O1: Amanda Lundén Pliscovaz | P1: 195030 | Q1: Elly Malta | R1: 203320 | S1: Malin Folgerö | T1: 155903 | U1: Julia Kristensson | V1: 164698 | W1: Ellen Eriksson | X1: 140351 | Y1: Meja Högberg

Sheet klasser
A1: 769936 | B1: 1 | C1: Svår klass, Seniorlag | D1: 1
A2: 769937 | B2: 2 | C2: Svår klass, Juniorlag | D2: 13
A3: 769939 | B3: 3 | C3: Individuell senior 3* | D3: 25
A4: 769940 | B4: 4 | C4: Individuell senior 2* | D4: 1076
A5: 769941 | B5: 5 | C5: Individuell senior 1* | D5: 1077
A6: 769942 | B6: 6 | C6: Individuell young vaulter | D6: 1060
A7: 769943 | B7: 7 | C7: Individuell junior 2* | D7: 33 | E7: 33 3 domare 34 för 4 domare
A8: 769944 | B8: 8 | C8: Individuell junior 1* | D8: 1078
A9: 769945 | B9: 9 | C9: Individuell minior 1* | D9: 37
A10: 769946 | B10: 10 | C10: Pas de deux
A11: 769947 | B11: 11 | C11: Mellanklass, lag
A12: 769948 | B12: 12 | C12: Mixklass 1* | D12: 1054
A13: 769949 | B13: 13 | C13: Mixklass 0* | D13: 50
A14: 769950 | B14: 14 | C14: Lättklass, lag | D14: 1095
A15: 769951 | B15: 15 | C15: Skrittklass, lag typ 1 | D15: 51 | E15: 44 2 domare
A16: 769952 | B16: 16 | C16: Skrittklass, lag typ 2 | D16: 1059 | E16: 1058 2 domare
A17: 769953 | B17: 17 | C17: Lättklass, Individuell | D17: 48 | E17: 43 2 domare
A18: 769954 | B18: 18 | C18: Skrittklass, individuell | D18: 49 | E18: 45 2 domare
A19: 769955 | B19: 19 | C19: Skrittklass, pas de deux | D19: 1056 | E19: 1055 2 domare

Sheet linförare
A1: 68838 | B1: Marie Johansson
A2: 39162 | B2: Sofia Fågelsbo
A3: 36847 | B3: Linda Jenvall
A4: 44766 | B4: Andrea Raud
A5: 39667 | B5: Linda Viklund
A6: 65038 | B6: Christina Müller
A7: 24976 | B7: Cecilia Rasmussen
A8: 40552 | B8: Annelie Lundgren
A9: 49704 | B9: JoAnna Bäck
A10: 180813 | B10: Jenny Rova
A11: 65539 | B11: Connie Rebane
A12: 34557 | B12: Maria Kumm
... A14: 57688 | B14: Erika Hansen

Sheet reservhästar
A1: 0 | B1: -
A2: 262992 | B2: Hembys Bellman

Sheet hästar
A1: 308300 | B1: Gladiator VDH
A2: 342703 | B2: Serenade
A3: 280330 | B3: Calouha
A4: 293254 | B4: Cortesch (SWB)
A5: 342894 | B5: Charlz (SWB)
A6: 293760 | B6: Freilene Fifija
A7: 316201 | B7: Farrakech (SWB)
A8: 312598 | B8: Diamond
A9: 321025 | B9: Castell (SWB)
A10: 328352 | B10: Iniesta
A11: 330385 | B11: Klondike
A12: 304761 | B12: Rondento Victoire
... A17: 339009 | B17: Odinn

Sheet klubbar
A1: 1330 | B1: Sala Voltige och Hästsportförening | C1: SE
A2: 233 | B2: Lagga Fältrittklubb | C2: SE
A3: 223 | B3: Föreningen Uppsala Voltige | C3: SE
A4: 986 | B4: Timrå Hästsportförening | C4: SE
A5: 869 | B5: Hamre Ridklubb | C5: SE
A6: 867 | B6: Föreningen Skästa Ridcenter | C6: SE

Sheet voltigörer
K1: Visa klasser ej
A2: 164696 | B2: Amanda Lundén Pliscovaz | I2: {=IF(K2="Visa klasser",IFERROR(INDEX(ekipage!B:B,MATCH(1,(ekipage!N:N=A2)*(ISNUMBER(ekipage!P:P)=FALSE),0)),""),"")} | J2: {=IF(K2="Visa klasser",IFERROR(INDEX(ekipage!C:C, MATCH(1, (ekipage!N:N = A2) * (ISNUMBER(ekipage!P:P) = FALSE), 0)), "Ej individuell"),"Visar ej klasser")} -> Visar ej klasser | K2: Visa klasser ej
A3: 195030 | B3: Elly Malta | I3: {=IF(K3="Visa klasser",IFERROR(INDEX(ekipage!B:B,MATCH(1,(ekipage!N:N=A3)*(ISNUMBER(ekipage!P:P)=FALSE),0)),""),"")} | J3: {=IF(K3="Visa klasser",IFERROR(INDEX(ekipage!C:C, MATCH(1, (ekipage!N:N = A3) * (ISNUMBER(ekipage!P:P) = FALSE), 0)), "Ej individuell"),"Visar ej klasser")} -> Visar ej klasser | K3: Visa klasser ej
A4: 203320 | B4: Malin Folgerö | I4: {=IF(K4="Visa klasser",IFERROR(INDEX(ekipage!B:B,MATCH(1,(ekipage!N:N=A4)*(ISNUMBER(ekipage!P:P)=FALSE),0)),""),"")} | J4: {=IF(K4="Visa klasser",IFERROR(INDEX(ekipage!C:C, MATCH(1, (ekipage!N:N = A4) * (ISNUMBER(ekipage!P:P) = FALSE), 0)), "Ej individuell"),"Visar ej klasser")} -> Visar ej klasser | K4: Visa klasser ej
A5: 155903 | B5: Julia Kristensson | I5: {=IF(K5="Visa klasser",IFERROR(INDEX(ekipage!B:B,MATCH(1,(ekipage!N:N=A5)*(ISNUMBER(ekipage!P:P)=FALSE),0)),""),"")} | J5: {=IF(K5="Visa klasser",IFERROR(INDEX(ekipage!C:C, MATCH(1, (ekipage!N:N = A5) * (ISNUMBER(ekipage!P:P) = FALSE), 0)), "Ej individuell"),"Visar ej klasser")} -> Visar ej klasser | K5: Visa klasser ej
A6: 164698 | B6: Ellen Eriksson | I6: {=IF(K6="Visa klasser",IFERROR(INDEX(ekipage!B:B,MATCH(1,(ekipage!N:N=A6)*(ISNUMBER(ekipage!P:P)=FALSE),0)),""),"")} | J6: {=IF(K6="Visa klasser",IFERROR(INDEX(ekipage!C:C, MATCH(1, (ekipage!N:N = A6) * (ISNUMBER(ekipage!P:P) = FALSE), 0)), "Ej individuell"),"Visar ej klasser")} -> Visar ej klasser | K6: Visa klasser ej
A7: 140351 | B7: Meja Högberg | I7: {=IF(K7="Visa klasser",IFERROR(INDEX(ekipage!B:B,MATCH(1,(ekipage!N:N=A7)*(ISNUMBER(ekipage!P:P)=FALSE),0)),""),"")} | J7: {=IF(K7="Visa klasser",IFERROR(INDEX(ekipage!C:C, MATCH(1, (ekipage!N:N = A7) * (ISNUMBER(ekipage!P:P) = FALSE), 0)), "Ej individuell"),"Visar ej klasser")} -> Visar ej klasser | K7: Visa klasser ej
A8: 99453 | B8: Emilia Bäck | I8: {=IF(K8="Visa klasser",IFERROR(INDEX(ekipage!B:B,MATCH(1,(ekipage!N:N=A8)*(ISNUMBER(ekipage!P:P)=FALSE),0)),""),"")} | J8: {=IF(K8="Visa klasser",IFERROR(INDEX(ekipage!C:C, MATCH(1, (ekipage!N:N = A8) * (ISNUMBER(ekipage!P:P) = FALSE), 0)), "Ej individuell"),"Visar ej klasser")} -> Visar ej klasser | K8: Visa klasser ej
A9: 51513 | B9: Fanny Eklund | I9: {=IF(K9="Visa klasser",IFERROR(INDEX(ekipage!B:B,MATCH(1,(ekipage!N:N=A9)*(ISNUMBER(ekipage!P:P)=FALSE),0)),""),"")} | J9: {=IF(K9="Visa klasser",IFERROR(INDEX(ekipage!C:C, MATCH(1, (ekipage!N:N = A9) * (ISNUMBER(ekipage!P:P) = FALSE), 0)), "Ej individuell"),"Visar ej klasser")} -> Visar ej klasser | K9: Visa klasser ej
A10: 101407 | B10: Tindra Öberg | I10: {=IF(K10="Visa klasser",IFERROR(INDEX(ekipage!B:B,MATCH(1,(ekipage!N:N=A10)*(ISNUMBER(ekipage!P:P)=FALSE),0)),""),"")} | J10: {=IF(K10="Visa klasser",IFERROR(INDEX(ekipage!C:C, MATCH(1, (ekipage!N:N = A10) * (ISNUMBER(ekipage!P:P) = FALSE), 0)), "Ej individuell"),"Visar ej klasser")} -> Visar ej klasser | K10: Visa klasser ej
A11: 119893 | B11: Novalie Wall | I11: {=IF(K11="Visa klasser",IFERROR(INDEX(ekipage!B:B,MATCH(1,(ekipage!N:N=A11)*(ISNUMBER(ekipage!P:P)=FALSE),0)),""),"")} | J11: {=IF(K11="Visa klasser",IFERROR(INDEX(ekipage!C:C, MATCH(1, (ekipage!N:N = A11) * (ISNUMBER(ekipage!P:P) = FALSE), 0)), "Ej individuell"),"Visar ej klasser")} -> Visar ej klasser | K11: Visa klasser ej
A12: 124472 | B12: Ebba Holmberg | I12: {=IF(K12="Visa klasser",IFERROR(INDEX(ekipage!B:B,MATCH(1,(ekipage!N:N=A12)*(ISNUMBER(ekipage!P:P)=FALSE),0)),""),"")} | J12: {=IF(K12="Visa klasser",IFERROR(INDEX(ekipage!C:C, MATCH(1, (ekipage!N:N = A12) * (ISNUMBER(ekipage!P:P) = FALSE), 0)), "Ej individuell"),"Visar ej klasser")} -> Visar ej klasser | K12: Visa klasser ej
A13: 160950 | B13: Thea Lundell | I13: {=IF(K13="Visa klasser",IFERROR(INDEX(ekipage!B:B,MATCH(1,(ekipage!N:N=A13)*(ISNUMBER(ekipage!P:P)=FALSE),0)),""),"")} | J13: {=IF(K13="Visa klasser",IFERROR(INDEX(ekipage!C:C, MATCH(1, (ekipage!N:N = A13) * (ISNUMBER(ekipage!P:P) = FALSE), 0)), "Ej individuell"),"Visar ej klasser")} -> Visar ej klasser | K13: Visa klasser ej
... A58: 186646 | B58: Lilly Hedlund | I58: {=IF(K58="Visa klasser",IFERROR(INDEX(ekipage!B:B,MATCH(1,(ekipage!N:N=A58)*(ISNUMBER(ekipage!P:P)=FALSE),0)),""),"")} | J58: {=IF(K58="Visa klasser",IFERROR(INDEX(ekipage!C:C, MATCH(1, (ekipage!N:N = A58) * (ISNUMBER(ekipage!P:P) = FALSE), 0)), "Ej individuell"),"Visar ej klasser")} -> Visar ej klasser | K58: Visa klasser ej
I59: {=IF(K59="Visa klasser",IFERROR(INDEX(ekipage!B:B,MATCH(1,(ekipage!N:N=A59)*(ISNUMBER(ekipage!P:P)=FALSE),0)),""),"")} | J59: {=IF(K59="Visa klasser",IFERROR(INDEX(ekipage!C:C, MATCH(1, (ekipage!N:N = A59) * (ISNUMBER(ekipage!P:P) = FALSE), 0)), "Ej individuell"),"Visar ej klasser")} -> Visar ej klasser | K59: Visa klasser ej
I60: {=IF(K60="Visa klasser",IFERROR(INDEX(ekipage!B:B,MATCH(1,(ekipage!N:N=A60)*(ISNUMBER(ekipage!P:P)=FALSE),0)),""),"")} | J60: {=IF(K60="Visa klasser",IFERROR(INDEX(ekipage!C:C, MATCH(1, (ekipage!N:N = A60) * (ISNUMBER(ekipage!P:P) = FALSE), 0)), "Ej individuell"),"Visar ej klasser")} -> Visar ej klasser | K60: Visa klasser ej
I61: {=IF(K61="Visa klasser",IFERROR(INDEX(ekipage!B:B,MATCH(1,(ekipage!N:N=A61)*(ISNUMBER(ekipage!P:P)=FALSE),0)),""),"")} | J61: {=IF(K61="Visa klasser",IFERROR(INDEX(ekipage!C:C, MATCH(1, (ekipage!N:N = A61) * (ISNUMBER(ekipage!P:P) = FALSE), 0)), "Ej individuell"),"Visar ej klasser")} -> Visar ej klasser | K61: Visa klasser ej
I62: {=IF(K62="Visa klasser",IFERROR(INDEX(ekipage!B:B,MATCH(1,(ekipage!N:N=A62)*(ISNUMBER(ekipage!P:P)=FALSE),0)),""),"")} | J62: {=IF(K62="Visa klasser",IFERROR(INDEX(ekipage!C:C, MATCH(1, (ekipage!N:N = A62) * (ISNUMBER(ekipage!P:P) = FALSE), 0)), "Ej individuell"),"Visar ej klasser")} -> Visar ej klasser | K62: Visa klasser ej
I63: {=IF(K63="Visa klasser",IFERROR(INDEX(ekipage!B:B,MATCH(1,(ekipage!N:N=A63)*(ISNUMBER(ekipage!P:P)=FALSE),0)),""),"")} | J63: {=IF(K63="Visa klasser",IFERROR(INDEX(ekipage!C:C, MATCH(1, (ekipage!N:N = A63) * (ISNUMBER(ekipage!P:P) = FALSE), 0)), "Ej individuell"),"Visar ej klasser")} -> Visar ej klasser | K63: Visa klasser ej
I64: {=IF(K64="Visa klasser",IFERROR(INDEX(ekipage!B:B,MATCH(1,(ekipage!N:N=A64)*(ISNUMBER(ekipage!P:P)=FALSE),0)),""),"")} | J64: {=IF(K64="Visa klasser",IFERROR(INDEX(ekipage!C:C, MATCH(1, (ekipage!N:N = A64) * (ISNUMBER(ekipage!P:P) = FALSE), 0)), "Ej individuell"),"Visar ej klasser")} -> Visar ej klasser | K64: Visa klasser ej
I65: {=IF(K65="Visa klasser",IFERROR(INDEX(ekipage!B:B,MATCH(1,(ekipage!N:N=A65)*(ISNUMBER(ekipage!P:P)=FALSE),0)),""),"")} | J65: {=IF(K65="Visa klasser",IFERROR(INDEX(ekipage!C:C, MATCH(1, (ekipage!N:N = A65) * (ISNUMBER(ekipage!P:P) = FALSE), 0)), "Ej individuell"),"Visar ej klasser")} -> Visar ej klasser | K65: Visa klasser ej
I66: {=IF(K66="Visa klasser",IFERROR(INDEX(ekipage!B:B,MATCH(1,(ekipage!N:N=A66)*(ISNUMBER(ekipage!P:P)=FALSE),0)),""),"")} | J66: {=IF(K66="Visa klasser",IFERROR(INDEX(ekipage!C:C, MATCH(1, (ekipage!N:N = A66) * (ISNUMBER(ekipage!P:P) = FALSE), 0)), "Ej individuell"),"Visar ej klasser")} -> Visar ej klasser | K66: Visa klasser ej
I67: {=IF(K67="Visa klasser",IFERROR(INDEX(ekipage!B:B,MATCH(1,(ekipage!N:N=A67)*(ISNUMBER(ekipage!P:P)=FALSE),0)),""),"")} | J67: {=IF(K67="Visa klasser",IFERROR(INDEX(ekipage!C:C, MATCH(1, (ekipage!N:N = A67) * (ISNUMBER(ekipage!P:P) = FALSE), 0)), "Ej individuell"),"Visar ej klasser")} -> Visar ej klasser | K67: Visa klasser ej
I68: {=IF(K68="Visa klasser",IFERROR(INDEX(ekipage!B:B,MATCH(1,(ekipage!N:N=A68)*(ISNUMBER(ekipage!P:P)=FALSE),0)),""),"")} | J68: {=IF(K68="Visa klasser",IFERROR(INDEX(ekipage!C:C, MATCH(1, (ekipage!N:N = A68) * (ISNUMBER(ekipage!P:P) = FALSE), 0)), "Ej individuell"),"Visar ej klasser")} -> Visar ej klasser | K68: Visa klasser ej
I69: {=IF(K69="Visa klasser",IFERROR(INDEX(ekipage!B:B,MATCH(1,(ekipage!N:N=A69)*(ISNUMBER(ekipage!P:P)=FALSE),0)),""),"")} | J69: {=IF(K69="Visa klasser",IFERROR(INDEX(ekipage!C:C, MATCH(1, (ekipage!N:N = A69) * (ISNUMBER(ekipage!P:P) = FALSE), 0)), "Ej individuell"),"Visar ej klasser")} -> Visar ej klasser | K69: Visa klasser ej
I70: {=IF(K70="Visa klasser",IFERROR(INDEX(ekipage!B:B,MATCH(1,(ekipage!N:N=A70)*(ISNUMBER(ekipage!P:P)=FALSE),0)),""),"")} | J70: {=IF(K70="Visa klasser",IFERROR(INDEX(ekipage!C:C, MATCH(1, (ekipage!N:N = A70) * (ISNUMBER(ekipage!P:P) = FALSE), 0)), "Ej individuell"),"Visar ej klasser")} -> Visar ej klasser | K70: Visa klasser ej
... I222: {=IF(K222="Visa klasser",IFERROR(INDEX(ekipage!B:B,MATCH(1,(ekipage!N:N=A222)*(ISNUMBER(ekipage!P:P)=FALSE),0)),""),"")} | J222: {=IF(K222="Visa klasser",IFERROR(INDEX(ekipage!C:C, MATCH(1, (ekipage!N:N = A222) * (ISNUMBER(ekipage!P:P) = FALSE), 0)), "Ej individuell"),"Visar ej klasser")} -> Visar ej klasser | K222: Visa klasser ej
